image,area_px,area_cm2,L_mean,L_std,pct_dark
1.10.JPG,10029761.0,6268.600625,138.68702697753906,64.84481811523438,20.970765499056217
1.11.JPG,10029761.0,6268.600625,131.68785095214844,66.47016906738281,25.493014105703498
1.9.JPG,10029761.0,6268.600625,137.35569763183594,65.3756332397461,22.446370268339965
2.8.JPG,10029761.0,6268.600625,145.9686737060547,61.48402404785156,16.57306572671156
DSC_0111.JPG,10029761.0,6268.600625,119.49337768554688,72.02252197265625,37.233694664447505
DSC_0112.JPG,10029761.0,6268.600625,108.46876525878906,67.7347640991211,42.89240654652586
DSC_0113.JPG,10029761.0,6268.600625,104.14105224609375,65.86170196533203,49.58926783619019
DSC_0114.JPG,10029761.0,6268.600625,124.41757202148438,73.91613006591797,35.036563552188554
DSC_0115.JPG,10029761.0,6268.600625,113.5171127319336,70.42977142333984,41.48165684624018
DSC_0116.JPG,10029761.0,6268.600625,123.40929412841797,74.0547866821289,35.04904832733905
DSC_0117.JPG,10029761.0,6268.600625,120.25497436523438,72.75035095214844,36.47506273275686
DSC_0118.JPG,10029761.0,6268.600625,109.87391662597656,69.32243347167969,48.16085212924702
DSC_0119.JPG,10029761.0,6268.600625,103.23592376708984,78.53667449951172,39.50742829175594
DSC_0120.JPG,10029761.0,6268.600625,104.78678131103516,78.90876007080078,38.66752077275278
DSC_0121.JPG,10029761.0,6268.600625,109.19544219970703,82.33748626708984,39.44413755611672
DSC_0122.JPG,7693471.0,4808.419375,146.52633666992188,58.93545913696289,17.08015207687384
DSC_0123.JPG,10029761.0,6268.600625,130.8802490234375,69.44732666015625,24.39311836802367
DSC_0124.JPG,10029761.0,6268.600625,134.24261474609375,70.9652099609375,23.944045091062137
DSC_0125.JPG,10029761.0,6268.600625,133.02896118164062,70.84529876708984,24.266825850040814
DSC_0127.JPG,10029761.0,6268.600625,133.6389617919922,69.67729949951172,23.446049031986533
DSC_0129.JPG,10029761.0,6268.600625,111.52779388427734,63.814918518066406,29.198690662942557
DSC_0133.JPG,10029761.0,6268.600625,119.79827117919922,65.07108306884766,24.68374559993878
